ngram,count
layan penuh gizi,8
satu layan penuh,8
badan gizi nasional,6
masih ada kurang,4
paud hingga slta,4
cuci nampan ompreng,4
edar media sosial,3
media sosial heboh,3
hingga slta garansi,3
heboh publik tampil,3
harus lengkap alat,3
buah video edar,3
critical control point,3
nampan ompreng stainless,3
stainless cara tidak,3
gizi nasional bgn,3
gizi cuci nampan,3
publik tampil aktivitas,3
gas air sangat,3
ompreng stainless cara,3
panas langsung tutup,3
dapur satu layan,3
sosial heboh publik,3
prinsip zero defect,3
penuh gizi cuci,3
kit belum kirim,3
test kit belum,3
air sangat panas,3
tugas dapur satu,3
anak anak kita,3
